﻿<skin name="玄天影视" version="V111008.13" author="" email="" url="" readme="" mask_color="" show_tips="0.5" context_menu="2">
	<console xywh="0, 0R, 100P, 28" src="tvlive.swf" mask="" lock="1" display="1" group="A">
		<bt_play xywh="5, 4R, 20, 20" src="bt_play.png"/>
		<bt_stop xywh="30, 4R, 20, 20" src="bt_stop.png"/>
		<progress xywh="56, 8R, 115B, 10" thumb_src="progress_thumb.png" track_src="progress_track.png" thumb_autohide="0"/>
		<time xywh="80R, 6R, 90, 16" align="center" font="Verdana" size="9" color="#ffffff" borderColor="" backgroundColor="#222222" bold="" shadow="1,90,#000000,0.5,4,4,1,3,true"/>
		<volume xywh="-12R, 25R, 80, 8" thumb_src="volume_thumb.png" track_src="volume_track.png" src="volume.png" rotation="-90"/>
		<bt_lrc xywh="100R, 30, 13, 13" src="bt_lrc.png" tips="关闭歌词,打开歌词" />
		<bt_mute xywh="55R, 4R, 20, 20" src="bt_mute.png" hover_volume="1"/>
		<bt_list xywh="30R, 4R, 20, 20" src="bt_list.png" tips="列表"/>
		<bt_fullscreen xywh="5R, 4R, 20, 20" src="bt_fullscreen.png" tips="全屏"/>
	</console>

	<list xywh="0r, 30r, 322, 315" src="win.png" mask="" lock="1" display="1" group="A">
		<tree xywh="5, 27, 5B, 27B" align="left" font="Arial" size="12" color="#ff0000, #00ff00"/>
		<search xywh="7, 4R, 50p, 18" align="left" font="Arial" size="12" color="#3D9ED6, #ff0000" value="请输入要查找的电影"/>
		<bt_close xywh="5R, 5, 19, 19" src="bt_close.png"/>
		<event type="open" target="option" property="display" value="0"/>
	</list>
        <lrc xywh="0, 5R, 100%, 35" lock="1" display="1" group="A" alpha="0.8">
		<text xywh="0, 0, 100P, 100P" align="center" font="宋体" size="12" color="#7F8FA5, #ffffff" horizontal="1" max_scale="3" shadow="1,90,#000000,0.5,4,4,1,3"/>
	</lrc>

	<media xywh="0, 0, 100P, 100P" src="6042.swf" lock="1" display="1" group="A">
		<video xywh="0, 0, 100P, 100P"/>
	</media>
	<title xywh="5, 91, 5B, 20" align="center" font="Arial" size="12" color="#333333" bold="1" borderColor="" shadow="1,90,#ffffff,0.2,1,1,1,3"/>
</skin>